Code du département,Libellé du département,Code de la circonscription,Libellé de la circonscription,Code de la commune,Libellé de la commune,Code du b.vote,Inscrits,Abstentions,% Abs/Ins,Votants,% Vot/Ins,Blancs,% Blancs/Ins,% Blancs/Vot,Nuls,% Nuls/Ins,% Nuls/Vot,Exprimés,% Exp/Ins,% Exp/Vot,N°Panneau,Sexe,Nom,Prénom,Voix,% Voix/Ins,% Voix/Exp,,,,,,,
69,Rhône,01,1ère circonscription,123,Lyon,0211,961,238,"24,77",723,"75,23",41,"4,27","5,67",12,"1,25","1,66",670,"69,72","92,67",1,M,MACRON,Emmanuel,506,"52,65","75,52",2,F,LE PEN,Marine,164,"17,07","24,48"
69,Rhône,01,1ère circonscription,123,Lyon,0212,861,179,"20,79",682,"79,21",48,"5,57","7,04",10,"1,16","1,47",624,"72,47","91,5",1,M,MACRON,Emmanuel,493,"57,26","79,01",2,F,LE PEN,Marine,131,"15,21","20,99"
69,Rhône,01,1ère circonscription,123,Lyon,0213,752,183,"24,34",569,"75,66",33,"4,39","5,8",12,"1,6","2,11",524,"69,68","92,09",1,M,MACRON,Emmanuel,384,"51,06","73,28",2,F,LE PEN,Marine,140,"18,62","26,72"
69,Rhône,01,1ère circonscription,123,Lyon,0214,1203,277,"23,03",926,"76,97",44,"3,66","4,75",15,"1,25","1,62",867,"72,07","93,63",1,M,MACRON,Emmanuel,555,"46,13","64,01",2,F,LE PEN,Marine,312,"25,94","35,99"
69,Rhône,01,1ère circonscription,123,Lyon,0219,1131,285,"25,2",846,"74,8",41,"3,63","4,85",14,"1,24","1,65",791,"69,94","93,5",1,M,MACRON,Emmanuel,602,"53,23","76,11",2,F,LE PEN,Marine,189,"16,71","23,89"
69,Rhône,01,1ère circonscription,123,Lyon,0220,959,177,"18,46",782,"81,54",40,"4,17","5,12",13,"1,36","1,66",729,"76,02","93,22",1,M,MACRON,Emmanuel,594,"61,94","81,48",2,F,LE PEN,Marine,135,"14,08","18,52"
69,Rhône,01,1ère circonscription,123,Lyon,0501,931,201,"21,59",730,"78,41",44,"4,73","6,03",9,"0,97","1,23",677,"72,72","92,74",1,M,MACRON,Emmanuel,538,"57,79","79,47",2,F,LE PEN,Marine,139,"14,93","20,53"
69,Rhône,01,1ère circonscription,123,Lyon,0502,958,344,"35,91",614,"64,09",33,"3,44","5,37",15,"1,57","2,44",566,"59,08","92,18",1,M,MACRON,Emmanuel,427,"44,57","75,44",2,F,LE PEN,Marine,139,"14,51","24,56"
69,Rhône,01,1ère circonscription,123,Lyon,0503,959,244,"25,44",715,"74,56",34,"3,55","4,76",13,"1,36","1,82",668,"69,66","93,43",1,M,MACRON,Emmanuel,493,"51,41","73,8",2,F,LE PEN,Marine,175,"18,25","26,2"
69,Rhône,01,1ère circonscription,123,Lyon,0504,907,217,"23,93",690,"76,07",31,"3,42","4,49",3,"0,33","0,43",656,"72,33","95,07",1,M,MACRON,Emmanuel,513,"56,56","78,2",2,F,LE PEN,Marine,143,"15,77","21,8"
69,Rhône,01,1ère circonscription,123,Lyon,0505,944,162,"17,16",782,"82,84",41,"4,34","5,24",7,"0,74","0,9",734,"77,75","93,86",1,M,MACRON,Emmanuel,601,"63,67","81,88",2,F,LE PEN,Marine,133,"14,09","18,12"
69,Rhône,01,1ère circonscription,123,Lyon,0506,813,160,"19,68",653,"80,32",41,"5,04","6,28",12,"1,48","1,84",600,"73,8","91,88",1,M,MACRON,Emmanuel,482,"59,29","80,33",2,F,LE PEN,Marine,118,"14,51","19,67"
69,Rhône,01,1ère circonscription,123,Lyon,0507,1075,191,"17,77",884,"82,23",37,"3,44","4,19",11,"1,02","1,24",836,"77,77","94,57",1,M,MACRON,Emmanuel,649,"60,37","77,63",2,F,LE PEN,Marine,187,"17,4","22,37"
69,Rhône,01,1ère circonscription,123,Lyon,0508,1037,283,"27,29",754,"72,71",47,"4,53","6,23",10,"0,96","1,33",697,"67,21","92,44",1,M,MACRON,Emmanuel,520,"50,14","74,61",2,F,LE PEN,Marine,177,"17,07","25,39"
69,Rhône,01,1ère circonscription,123,Lyon,0509,1033,282,"27,3",751,"72,7",47,"4,55","6,26",10,"0,97","1,33",694,"67,18","92,41",1,M,MACRON,Emmanuel,495,"47,92","71,33",2,F,LE PEN,Marine,199,"19,26","28,67"
69,Rhône,01,1ère circonscription,123,Lyon,0510,1024,273,"26,66",751,"73,34",35,"3,42","4,66",15,"1,46",2,701,"68,46","93,34",1,M,MACRON,Emmanuel,538,"52,54","76,75",2,F,LE PEN,Marine,163,"15,92","23,25"
69,Rhône,01,1ère circonscription,123,Lyon,0511,1074,245,"22,81",829,"77,19",34,"3,17","4,1",22,"2,05","2,65",773,"71,97","93,24",1,M,MACRON,Emmanuel,569,"52,98","73,61",2,F,LE PEN,Marine,204,"18,99","26,39"
69,Rhône,01,1ère circonscription,123,Lyon,0512,1073,249,"23,21",824,"76,79",60,"5,59","7,28",15,"1,4","1,82",749,"69,8","90,9",1,M,MACRON,Emmanuel,551,"51,35","73,56",2,F,LE PEN,Marine,198,"18,45","26,44"
69,Rhône,01,1ère circonscription,123,Lyon,0513,1105,263,"23,8",842,"76,2",48,"4,34","5,7",14,"1,27","1,66",780,"70,59","92,64",1,M,MACRON,Emmanuel,611,"55,29","78,33",2,F,LE PEN,Marine,169,"15,29","21,67"
69,Rhône,01,1ère circonscription,123,Lyon,0514,1003,220,"21,93",783,"78,07",51,"5,08","6,51",9,"0,9","1,15",723,"72,08","92,34",1,M,MACRON,Emmanuel,574,"57,23","79,39",2,F,LE PEN,Marine,149,"14,86","20,61"
69,Rhône,01,1ère circonscription,123,Lyon,0515,1034,200,"19,34",834,"80,66",57,"5,51","6,83",12,"1,16","1,44",765,"73,98","91,73",1,M,MACRON,Emmanuel,597,"57,74","78,04",2,F,LE PEN,Marine,168,"16,25","21,96"
69,Rhône,01,1ère circonscription,123,Lyon,0516,1189,262,"22,04",927,"77,96",40,"3,36","4,31",8,"0,67","0,86",879,"73,93","94,82",1,M,MACRON,Emmanuel,727,"61,14","82,71",2,F,LE PEN,Marine,152,"12,78","17,29"
69,Rhône,01,1ère circonscription,123,Lyon,0517,742,241,"32,48",501,"67,52",26,"3,5","5,19",12,"1,62","2,4",463,"62,4","92,42",1,M,MACRON,Emmanuel,332,"44,74","71,71",2,F,LE PEN,Marine,131,"17,65","28,29"
69,Rhône,01,1ère circonscription,123,Lyon,0518,779,262,"33,63",517,"66,37",32,"4,11","6,19",10,"1,28","1,93",475,"60,98","91,88",1,M,MACRON,Emmanuel,281,"36,07","59,16",2,F,LE PEN,Marine,194,"24,9","40,84"
69,Rhône,01,1ère circonscription,123,Lyon,0519,962,184,"19,13",778,"80,87",37,"3,85","4,76",13,"1,35","1,67",728,"75,68","93,57",1,M,MACRON,Emmanuel,553,"57,48","75,96",2,F,LE PEN,Marine,175,"18,19","24,04"
69,Rhône,01,1ère circonscription,123,Lyon,0520,833,228,"27,37",605,"72,63",33,"3,96","5,45",8,"0,96","1,32",564,"67,71","93,22",1,M,MACRON,Emmanuel,372,"44,66","65,96",2,F,LE PEN,Marine,192,"23,05","34,04"
69,Rhône,01,1ère circonscription,123,Lyon,0521,777,309,"39,77",468,"60,23",19,"2,45","4,06",14,"1,8","2,99",435,"55,98","92,95",1,M,MACRON,Emmanuel,316,"40,67","72,64",2,F,LE PEN,Marine,119,"15,32","27,36"
69,Rhône,01,1ère circonscription,123,Lyon,0522,1020,275,"26,96",745,"73,04",26,"2,55","3,49",26,"2,55","3,49",693,"67,94","93,02",1,M,MACRON,Emmanuel,513,"50,29","74,03",2,F,LE PEN,Marine,180,"17,65","25,97"
69,Rhône,01,1ère circonscription,123,Lyon,0523,941,237,"25,19",704,"74,81",30,"3,19","4,26",19,"2,02","2,7",655,"69,61","93,04",1,M,MACRON,Emmanuel,477,"50,69","72,82",2,F,LE PEN,Marine,178,"18,92","27,18"
69,Rhône,01,1ère circonscription,123,Lyon,0524,894,182,"20,36",712,"79,64",38,"4,25","5,34",10,"1,12","1,4",664,"74,27","93,26",1,M,MACRON,Emmanuel,566,"63,31","85,24",2,F,LE PEN,Marine,98,"10,96","14,76"
69,Rhône,01,1ère circonscription,123,Lyon,0525,872,258,"29,59",614,"70,41",32,"3,67","5,21",8,"0,92","1,3",574,"65,83","93,49",1,M,MACRON,Emmanuel,443,"50,8","77,18",2,F,LE PEN,Marine,131,"15,02","22,82"
69,Rhône,01,1ère circonscription,123,Lyon,0526,1047,222,"21,2",825,"78,8",47,"4,49","5,7",9,"0,86","1,09",769,"73,45","93,21",1,M,MACRON,Emmanuel,653,"62,37","84,92",2,F,LE PEN,Marine,116,"11,08","15,08"
69,Rhône,01,1ère circonscription,123,Lyon,0527,1066,302,"28,33",764,"71,67",39,"3,66","5,1",14,"1,31","1,83",711,"66,7","93,06",1,M,MACRON,Emmanuel,558,"52,35","78,48",2,F,LE PEN,Marine,153,"14,35","21,52"
69,Rhône,01,1ère circonscription,123,Lyon,0528,1034,237,"22,92",797,"77,08",49,"4,74","6,15",7,"0,68","0,88",741,"71,66","92,97",1,M,MACRON,Emmanuel,597,"57,74","80,57",2,F,LE PEN,Marine,144,"13,93","19,43"
69,Rhône,01,1ère circonscription,123,Lyon,0529,977,231,"23,64",746,"76,36",25,"2,56","3,35",12,"1,23","1,61",709,"72,57","95,04",1,M,MACRON,Emmanuel,565,"57,83","79,69",2,F,LE PEN,Marine,144,"14,74","20,31"
69,Rhône,01,1ère circonscription,123,Lyon,0530,834,205,"24,58",629,"75,42",37,"4,44","5,88",8,"0,96","1,27",584,"70,02","92,85",1,M,MACRON,Emmanuel,477,"57,19","81,68",2,F,LE PEN,Marine,107,"12,83","18,32"
69,Rhône,01,1ère circonscription,123,Lyon,0531,828,185,"22,34",643,"77,66",31,"3,74","4,82",2,"0,24","0,31",610,"73,67","94,87",1,M,MACRON,Emmanuel,499,"60,27","81,8",2,F,LE PEN,Marine,111,"13,41","18,2"
69,Rhône,01,1ère circonscription,123,Lyon,0728,713,156,"21,88",557,"78,12",32,"4,49","5,75",7,"0,98","1,26",518,"72,65",93,1,M,MACRON,Emmanuel,381,"53,44","73,55",2,F,LE PEN,Marine,137,"19,21","26,45"
69,Rhône,01,1ère circonscription,123,Lyon,0729,1076,304,"28,25",772,"71,75",48,"4,46","6,22",17,"1,58","2,2",707,"65,71","91,58",1,M,MACRON,Emmanuel,539,"50,09","76,24",2,F,LE PEN,Marine,168,"15,61","23,76"
69,Rhône,01,1ère circonscription,123,Lyon,0730,955,299,"31,31",656,"68,69",43,"4,5","6,55",10,"1,05","1,52",603,"63,14","91,92",1,M,MACRON,Emmanuel,442,"46,28","73,3",2,F,LE PEN,Marine,161,"16,86","26,7"
69,Rhône,01,1ère circonscription,123,Lyon,0731,1095,288,"26,3",807,"73,7",47,"4,29","5,82",13,"1,19","1,61",747,"68,22","92,57",1,M,MACRON,Emmanuel,566,"51,69","75,77",2,F,LE PEN,Marine,181,"16,53","24,23"
69,Rhône,01,1ère circonscription,123,Lyon,0732,1173,329,"28,05",844,"71,95",61,"5,2","7,23",9,"0,77","1,07",774,"65,98","91,71",1,M,MACRON,Emmanuel,562,"47,91","72,61",2,F,LE PEN,Marine,212,"18,07","27,39"
69,Rhône,01,1ère circonscription,123,Lyon,0733,487,96,"19,71",391,"80,29",24,"4,93","6,14",1,"0,21","0,26",366,"75,15","93,61",1,M,MACRON,Emmanuel,285,"58,52","77,87",2,F,LE PEN,Marine,81,"16,63","22,13"
69,Rhône,01,1ère circonscription,123,Lyon,0734,654,133,"20,34",521,"79,66",25,"3,82","4,8",8,"1,22","1,54",488,"74,62","93,67",1,M,MACRON,Emmanuel,411,"62,84","84,22",2,F,LE PEN,Marine,77,"11,77","15,78"
69,Rhône,01,1ère circonscription,123,Lyon,0735,1072,337,"31,44",735,"68,56",43,"4,01","5,85",14,"1,31","1,9",678,"63,25","92,24",1,M,MACRON,Emmanuel,549,"51,21","80,97",2,F,LE PEN,Marine,129,"12,03","19,03"
69,Rhône,01,1ère circonscription,123,Lyon,0736,1099,339,"30,85",760,"69,15",52,"4,73","6,84",13,"1,18","1,71",695,"63,24","91,45",1,M,MACRON,Emmanuel,531,"48,32","76,4",2,F,LE PEN,Marine,164,"14,92","23,6"
69,Rhône,01,1ère circonscription,123,Lyon,0737,797,264,"33,12",533,"66,88",30,"3,76","5,63",14,"1,76","2,63",489,"61,36","91,74",1,M,MACRON,Emmanuel,353,"44,29","72,19",2,F,LE PEN,Marine,136,"17,06","27,81"
69,Rhône,01,1ère circonscription,123,Lyon,0738,1005,338,"33,63",667,"66,37",28,"2,79","4,2",14,"1,39","2,1",625,"62,19","93,7",1,M,MACRON,Emmanuel,473,"47,06","75,68",2,F,LE PEN,Marine,152,"15,12","24,32"
69,Rhône,01,1ère circonscription,123,Lyon,0739,817,207,"25,34",610,"74,66",46,"5,63","7,54",13,"1,59","2,13",551,"67,44","90,33",1,M,MACRON,Emmanuel,433,53,"78,58",2,F,LE PEN,Marine,118,"14,44","21,42"
69,Rhône,01,1ère circonscription,123,Lyon,0740,817,354,"43,33",463,"56,67",44,"5,39","9,5",13,"1,59","2,81",406,"49,69","87,69",1,M,MACRON,Emmanuel,279,"34,15","68,72",2,F,LE PEN,Marine,127,"15,54","31,28"
69,Rhône,01,1ère circonscription,123,Lyon,0741,1144,261,"22,81",883,"77,19",51,"4,46","5,78",9,"0,79","1,02",823,"71,94","93,2",1,M,MACRON,Emmanuel,662,"57,87","80,44",2,F,LE PEN,Marine,161,"14,07","19,56"
69,Rhône,01,1ère circonscription,123,Lyon,0742,1056,288,"27,27",768,"72,73",54,"5,11","7,03",13,"1,23","1,69",701,"66,38","91,28",1,M,MACRON,Emmanuel,570,"53,98","81,31",2,F,LE PEN,Marine,131,"12,41","18,69"
69,Rhône,01,1ère circonscription,123,Lyon,0743,1074,283,"26,35",791,"73,65",40,"3,72","5,06",9,"0,84","1,14",742,"69,09","93,81",1,M,MACRON,Emmanuel,595,"55,4","80,19",2,F,LE PEN,Marine,147,"13,69","19,81"
69,Rhône,01,1ère circonscription,123,Lyon,0744,1186,270,"22,77",916,"77,23",40,"3,37","4,37",20,"1,69","2,18",856,"72,18","93,45",1,M,MACRON,Emmanuel,671,"56,58","78,39",2,F,LE PEN,Marine,185,"15,6","21,61"
69,Rhône,01,1ère circonscription,123,Lyon,0745,851,233,"27,38",618,"72,62",37,"4,35","5,99",10,"1,18","1,62",571,"67,1","92,39",1,M,MACRON,Emmanuel,469,"55,11","82,14",2,F,LE PEN,Marine,102,"11,99","17,86"
69,Rhône,01,1ère circonscription,123,Lyon,0835,981,333,"33,94",648,"66,06",34,"3,47","5,25",5,"0,51","0,77",609,"62,08","93,98",1,M,MACRON,Emmanuel,454,"46,28","74,55",2,F,LE PEN,Marine,155,"15,8","25,45"
69,Rhône,01,1ère circonscription,123,Lyon,0836,1265,318,"25,14",947,"74,86",49,"3,87","5,17",14,"1,11","1,48",884,"69,88","93,35",1,M,MACRON,Emmanuel,701,"55,42","79,3",2,F,LE PEN,Marine,183,"14,47","20,7"
69,Rhône,01,1ère circonscription,123,Lyon,0837,1155,238,"20,61",917,"79,39",61,"5,28","6,65",15,"1,3","1,64",841,"72,81","91,71",1,M,MACRON,Emmanuel,666,"57,66","79,19",2,F,LE PEN,Marine,175,"15,15","20,81"
69,Rhône,01,1ère circonscription,123,Lyon,0838,942,282,"29,94",660,"70,06",42,"4,46","6,36",16,"1,7","2,42",602,"63,91","91,21",1,M,MACRON,Emmanuel,469,"49,79","77,91",2,F,LE PEN,Marine,133,"14,12","22,09"
69,Rhône,01,1ère circonscription,123,Lyon,0839,1131,361,"31,92",770,"68,08",52,"4,6","6,75",11,"0,97","1,43",707,"62,51","91,82",1,M,MACRON,Emmanuel,515,"45,53","72,84",2,F,LE PEN,Marine,192,"16,98","27,16"
69,Rhône,01,1ère circonscription,123,Lyon,0840,1233,369,"29,93",864,"70,07",63,"5,11","7,29",16,"1,3","1,85",785,"63,67","90,86",1,M,MACRON,Emmanuel,601,"48,74","76,56",2,F,LE PEN,Marine,184,"14,92","23,44"
69,Rhône,01,1ère circonscription,123,Lyon,0841,990,277,"27,98",713,"72,02",43,"4,34","6,03",15,"1,52","2,1",655,"66,16","91,87",1,M,MACRON,Emmanuel,510,"51,52","77,86",2,F,LE PEN,Marine,145,"14,65","22,14"
69,Rhône,01,1ère circonscription,123,Lyon,0842,845,293,"34,67",552,"65,33",43,"5,09","7,79",11,"1,3","1,99",498,"58,93","90,22",1,M,MACRON,Emmanuel,351,"41,54","70,48",2,F,LE PEN,Marine,147,"17,4","29,52"
69,Rhône,01,1ère circonscription,123,Lyon,0901,1132,343,"30,3",789,"69,7",54,"4,77","6,84",20,"1,77","2,53",715,"63,16","90,62",1,M,MACRON,Emmanuel,571,"50,44","79,86",2,F,LE PEN,Marine,144,"12,72","20,14"
69,Rhône,01,1ère circonscription,123,Lyon,0902,838,245,"29,24",593,"70,76",40,"4,77","6,75",17,"2,03","2,87",536,"63,96","90,39",1,M,MACRON,Emmanuel,437,"52,15","81,53",2,F,LE PEN,Marine,99,"11,81","18,47"
69,Rhône,01,1ère circonscription,123,Lyon,0903,1213,301,"24,81",912,"75,19",43,"3,54","4,71",11,"0,91","1,21",858,"70,73","94,08",1,M,MACRON,Emmanuel,735,"60,59","85,66",2,F,LE PEN,Marine,123,"10,14","14,34"
69,Rhône,01,1ère circonscription,123,Lyon,0904,1219,244,"20,02",975,"79,98",68,"5,58","6,97",5,"0,41","0,51",902,74,"92,51",1,M,MACRON,Emmanuel,754,"61,85","83,59",2,F,LE PEN,Marine,148,"12,14","16,41"
69,Rhône,01,1ère circonscription,123,Lyon,0905,753,202,"26,83",551,"73,17",27,"3,59","4,9",6,"0,8","1,09",518,"68,79","94,01",1,M,MACRON,Emmanuel,427,"56,71","82,43",2,F,LE PEN,Marine,91,"12,08","17,57"
69,Rhône,01,1ère circonscription,123,Lyon,0906,989,357,"36,1",632,"63,9",36,"3,64","5,7",11,"1,11","1,74",585,"59,15","92,56",1,M,MACRON,Emmanuel,414,"41,86","70,77",2,F,LE PEN,Marine,171,"17,29","29,23"
69,Rhône,01,1ère circonscription,123,Lyon,0907,880,231,"26,25",649,"73,75",31,"3,52","4,78",10,"1,14","1,54",608,"69,09","93,68",1,M,MACRON,Emmanuel,478,"54,32","78,62",2,F,LE PEN,Marine,130,"14,77","21,38"
69,Rhône,01,1ère circonscription,123,Lyon,0908,815,290,"35,58",525,"64,42",40,"4,91","7,62",14,"1,72","2,67",471,"57,79","89,71",1,M,MACRON,Emmanuel,371,"45,52","78,77",2,F,LE PEN,Marine,100,"12,27","21,23"
69,Rhône,01,1ère circonscription,123,Lyon,0909,874,222,"25,4",652,"74,6",41,"4,69","6,29",10,"1,14","1,53",601,"68,76","92,18",1,M,MACRON,Emmanuel,427,"48,86","71,05",2,F,LE PEN,Marine,174,"19,91","28,95"
69,Rhône,01,1ère circonscription,123,Lyon,0910,748,168,"22,46",580,"77,54",30,"4,01","5,17",12,"1,6","2,07",538,"71,93","92,76",1,M,MACRON,Emmanuel,390,"52,14","72,49",2,F,LE PEN,Marine,148,"19,79","27,51"
69,Rhône,01,1ère circonscription,123,Lyon,0911,803,198,"24,66",605,"75,34",37,"4,61","6,12",11,"1,37","1,82",557,"69,36","92,07",1,M,MACRON,Emmanuel,462,"57,53","82,94",2,F,LE PEN,Marine,95,"11,83","17,06"
69,Rhône,02,2ème circonscription,123,Lyon,0101,724,162,"22,38",562,"77,62",39,"5,39","6,94",11,"1,52","1,96",512,"70,72","91,1",1,M,MACRON,Emmanuel,443,"61,19","86,52",2,F,LE PEN,Marine,69,"9,53","13,48"
69,Rhône,02,2ème circonscription,123,Lyon,0102,839,190,"22,65",649,"77,35",35,"4,17","5,39",14,"1,67","2,16",600,"71,51","92,45",1,M,MACRON,Emmanuel,525,"62,57","87,5",2,F,LE PEN,Marine,75,"8,94","12,5"
69,Rhône,02,2ème circonscription,123,Lyon,0103,1230,298,"24,23",932,"75,77",77,"6,26","8,26",13,"1,06","1,39",842,"68,46","90,34",1,M,MACRON,Emmanuel,745,"60,57","88,48",2,F,LE PEN,Marine,97,"7,89","11,52"
69,Rhône,02,2ème circonscription,123,Lyon,0104,1206,285,"23,63",921,"76,37",47,"3,9","5,1",13,"1,08","1,41",861,"71,39","93,49",1,M,MACRON,Emmanuel,696,"57,71","80,84",2,F,LE PEN,Marine,165,"13,68","19,16"
69,Rhône,02,2ème circonscription,123,Lyon,0105,1081,236,"21,83",845,"78,17",48,"4,44","5,68",14,"1,3","1,66",783,"72,43","92,66",1,M,MACRON,Emmanuel,706,"65,31","90,17",2,F,LE PEN,Marine,77,"7,12","9,83"
69,Rhône,02,2ème circonscription,123,Lyon,0106,1151,239,"20,76",912,"79,24",65,"5,65","7,13",12,"1,04","1,32",835,"72,55","91,56",1,M,MACRON,Emmanuel,731,"63,51","87,54",2,F,LE PEN,Marine,104,"9,04","12,46"
69,Rhône,02,2ème circonscription,123,Lyon,0107,1272,321,"25,24",951,"74,76",52,"4,09","5,47",11,"0,86","1,16",888,"69,81","93,38",1,M,MACRON,Emmanuel,787,"61,87","88,63",2,F,LE PEN,Marine,101,"7,94","11,37"
69,Rhône,02,2ème circonscription,123,Lyon,0108,671,180,"26,83",491,"73,17",37,"5,51","7,54",11,"1,64","2,24",443,"66,02","90,22",1,M,MACRON,Emmanuel,411,"61,25","92,78",2,F,LE PEN,Marine,32,"4,77","7,22"
69,Rhône,02,2ème circonscription,123,Lyon,0109,980,265,"27,04",715,"72,96",40,"4,08","5,59",14,"1,43","1,96",661,"67,45","92,45",1,M,MACRON,Emmanuel,589,"60,1","89,11",2,F,LE PEN,Marine,72,"7,35","10,89"
69,Rhône,02,2ème circonscription,123,Lyon,0110,1201,289,"24,06",912,"75,94",44,"3,66","4,82",12,1,"1,32",856,"71,27","93,86",1,M,MACRON,Emmanuel,749,"62,36","87,5",2,F,LE PEN,Marine,107,"8,91","12,5"
69,Rhône,02,2ème circonscription,123,Lyon,0111,1410,319,"22,62",1091,"77,38",57,"4,04","5,22",8,"0,57","0,73",1026,"72,77","94,04",1,M,MACRON,Emmanuel,869,"61,63","84,7",2,F,LE PEN,Marine,157,"11,13","15,3"
69,Rhône,02,2ème circonscription,123,Lyon,0112,1114,270,"24,24",844,"75,76",45,"4,04","5,33",8,"0,72","0,95",791,"71,01","93,72",1,M,MACRON,Emmanuel,661,"59,34","83,57",2,F,LE PEN,Marine,130,"11,67","16,43"
69,Rhône,02,2ème circonscription,123,Lyon,0113,965,200,"20,73",765,"79,27",46,"4,77","6,01",8,"0,83","1,05",711,"73,68","92,94",1,M,MACRON,Emmanuel,609,"63,11","85,65",2,F,LE PEN,Marine,102,"10,57","14,35"
69,Rhône,02,2ème circonscription,123,Lyon,0114,1335,267,20,1068,80,69,"5,17","6,46",11,"0,82","1,03",988,"74,01","92,51",1,M,MACRON,Emmanuel,856,"64,12","86,64",2,F,LE PEN,Marine,132,"9,89","13,36"
69,Rhône,02,2ème circonscription,123,Lyon,0115,1018,252,"24,75",766,"75,25",50,"4,91","6,53",14,"1,38","1,83",702,"68,96","91,64",1,M,MACRON,Emmanuel,629,"61,79","89,6",2,F,LE PEN,Marine,73,"7,17","10,4"
69,Rhône,02,2ème circonscription,123,Lyon,0116,769,245,"31,86",524,"68,14",44,"5,72","8,4",8,"1,04","1,53",472,"61,38","90,08",1,M,MACRON,Emmanuel,423,"55,01","89,62",2,F,LE PEN,Marine,49,"6,37","10,38"
69,Rhône,02,2ème circonscription,123,Lyon,0117,997,266,"26,68",731,"73,32",46,"4,61","6,29",15,"1,5","2,05",670,"67,2","91,66",1,M,MACRON,Emmanuel,599,"60,08","89,4",2,F,LE PEN,Marine,71,"7,12","10,6"
69,Rhône,02,2ème circonscription,123,Lyon,0201,802,123,"15,34",679,"84,66",28,"3,49","4,12",13,"1,62","1,91",638,"79,55","93,96",1,M,MACRON,Emmanuel,495,"61,72","77,59",2,F,LE PEN,Marine,143,"17,83","22,41"
69,Rhône,02,2ème circonscription,123,Lyon,0202,758,149,"19,66",609,"80,34",26,"3,43","4,27",2,"0,26","0,33",581,"76,65","95,4",1,M,MACRON,Emmanuel,460,"60,69","79,17",2,F,LE PEN,Marine,121,"15,96","20,83"
69,Rhône,02,2ème circonscription,123,Lyon,0203,1051,185,"17,6",866,"82,4",56,"5,33","6,47",11,"1,05","1,27",799,"76,02","92,26",1,M,MACRON,Emmanuel,596,"56,71","74,59",2,F,LE PEN,Marine,203,"19,31","25,41"
69,Rhône,02,2ème circonscription,123,Lyon,0204,990,181,"18,28",809,"81,72",49,"4,95","6,06",7,"0,71","0,87",753,"76,06","93,08",1,M,MACRON,Emmanuel,601,"60,71","79,81",2,F,LE PEN,Marine,152,"15,35","20,19"
69,Rhône,02,2ème circonscription,123,Lyon,0205,799,136,"17,02",663,"82,98",28,"3,5","4,22",11,"1,38","1,66",624,"78,1","94,12",1,M,MACRON,Emmanuel,470,"58,82","75,32",2,F,LE PEN,Marine,154,"19,27","24,68"
69,Rhône,02,2ème circonscription,123,Lyon,0206,689,105,"15,24",584,"84,76",31,"4,5","5,31",3,"0,44","0,51",550,"79,83","94,18",1,M,MACRON,Emmanuel,433,"62,84","78,73",2,F,LE PEN,Marine,117,"16,98","21,27"
69,Rhône,02,2ème circonscription,123,Lyon,0207,1038,163,"15,7",875,"84,3",58,"5,59","6,63",10,"0,96","1,14",807,"77,75","92,23",1,M,MACRON,Emmanuel,644,"62,04","79,8",2,F,LE PEN,Marine,163,"15,7","20,2"
69,Rhône,02,2ème circonscription,123,Lyon,0208,926,158,"17,06",768,"82,94",44,"4,75","5,73",14,"1,51","1,82",710,"76,67","92,45",1,M,MACRON,Emmanuel,558,"60,26","78,59",2,F,LE PEN,Marine,152,"16,41","21,41"
69,Rhône,02,2ème circonscription,123,Lyon,0209,910,180,"19,78",730,"80,22",44,"4,84","6,03",5,"0,55","0,68",681,"74,84","93,29",1,M,MACRON,Emmanuel,519,"57,03","76,21",2,F,LE PEN,Marine,162,"17,8","23,79"
69,Rhône,02,2ème circonscription,123,Lyon,0210,691,116,"16,79",575,"83,21",24,"3,47","4,17",7,"1,01","1,22",544,"78,73","94,61",1,M,MACRON,Emmanuel,372,"53,84","68,38",2,F,LE PEN,Marine,172,"24,89","31,62"
69,Rhône,02,2ème circonscription,123,Lyon,0215,1025,168,"16,39",857,"83,61",38,"3,71","4,43",6,"0,59","0,7",813,"79,32","94,87",1,M,MACRON,Emmanuel,643,"62,73","79,09",2,F,LE PEN,Marine,170,"16,59","20,91"
69,Rhône,02,2ème circonscription,123,Lyon,0216,1175,206,"17,53",969,"82,47",50,"4,26","5,16",13,"1,11","1,34",906,"77,11","93,5",1,M,MACRON,Emmanuel,712,"60,6","78,59",2,F,LE PEN,Marine,194,"16,51","21,41"
69,Rhône,02,2ème circonscription,123,Lyon,0217,1049,199,"18,97",850,"81,03",48,"4,58","5,65",14,"1,33","1,65",788,"75,12","92,71",1,M,MACRON,Emmanuel,653,"62,25","82,87",2,F,LE PEN,Marine,135,"12,87","17,13"
69,Rhône,02,2ème circonscription,123,Lyon,0218,1067,227,"21,27",840,"78,73",41,"3,84","4,88",12,"1,12","1,43",787,"73,76","93,69",1,M,MACRON,Emmanuel,623,"58,39","79,16",2,F,LE PEN,Marine,164,"15,37","20,84"
69,Rhône,02,2ème circonscription,123,Lyon,0401,1203,237,"19,7",966,"80,3",48,"3,99","4,97",19,"1,58","1,97",899,"74,73","93,06",1,M,MACRON,Emmanuel,773,"64,26","85,98",2,F,LE PEN,Marine,126,"10,47","14,02"
69,Rhône,02,2ème circonscription,123,Lyon,0402,919,197,"21,44",722,"78,56",50,"5,44","6,93",11,"1,2","1,52",661,"71,93","91,55",1,M,MACRON,Emmanuel,547,"59,52","82,75",2,F,LE PEN,Marine,114,"12,4","17,25"
69,Rhône,02,2ème circonscription,123,Lyon,0403,1076,218,"20,26",858,"79,74",48,"4,46","5,59",16,"1,49","1,86",794,"73,79","92,54",1,M,MACRON,Emmanuel,673,"62,55","84,76",2,F,LE PEN,Marine,121,"11,25","15,24"
69,Rhône,02,2ème circonscription,123,Lyon,0404,982,218,"22,2",764,"77,8",48,"4,89","6,28",12,"1,22","1,57",704,"71,69","92,15",1,M,MACRON,Emmanuel,601,"61,2","85,37",2,F,LE PEN,Marine,103,"10,49","14,63"
69,Rhône,02,2ème circonscription,123,Lyon,0405,1158,183,"15,8",975,"84,2",52,"4,49","5,33",11,"0,95","1,13",912,"78,76","93,54",1,M,MACRON,Emmanuel,807,"69,69","88,49",2,F,LE PEN,Marine,105,"9,07","11,51"
69,Rhône,02,2ème circonscription,123,Lyon,0406,746,128,"17,16",618,"82,84",40,"5,36","6,47",8,"1,07","1,29",570,"76,41","92,23",1,M,MACRON,Emmanuel,433,"58,04","75,96",2,F,LE PEN,Marine,137,"18,36","24,04"
69,Rhône,02,2ème circonscription,123,Lyon,0407,1108,277,25,831,75,43,"3,88","5,17",17,"1,53","2,05",771,"69,58","92,78",1,M,MACRON,Emmanuel,582,"52,53","75,49",2,F,LE PEN,Marine,189,"17,06","24,51"
69,Rhône,02,2ème circonscription,123,Lyon,0408,1308,274,"20,95",1034,"79,05",59,"4,51","5,71",15,"1,15","1,45",960,"73,39","92,84",1,M,MACRON,Emmanuel,830,"63,46","86,46",2,F,LE PEN,Marine,130,"9,94","13,54"
69,Rhône,02,2ème circonscription,123,Lyon,0409,1037,206,"19,86",831,"80,14",47,"4,53","5,66",18,"1,74","2,17",766,"73,87","92,18",1,M,MACRON,Emmanuel,669,"64,51","87,34",2,F,LE PEN,Marine,97,"9,35","12,66"
69,Rhône,02,2ème circonscription,123,Lyon,0410,968,183,"18,9",785,"81,1",46,"4,75","5,86",10,"1,03","1,27",729,"75,31","92,87",1,M,MACRON,Emmanuel,659,"68,08","90,4",2,F,LE PEN,Marine,70,"7,23","9,6"
69,Rhône,02,2ème circonscription,123,Lyon,0411,955,229,"23,98",726,"76,02",54,"5,65","7,44",12,"1,26","1,65",660,"69,11","90,91",1,M,MACRON,Emmanuel,582,"60,94","88,18",2,F,LE PEN,Marine,78,"8,17","11,82"
69,Rhône,02,2ème circonscription,123,Lyon,0412,1040,211,"20,29",829,"79,71",52,5,"6,27",16,"1,54","1,93",761,"73,17","91,8",1,M,MACRON,Emmanuel,654,"62,88","85,94",2,F,LE PEN,Marine,107,"10,29","14,06"
69,Rhône,02,2ème circonscription,123,Lyon,0413,1101,221,"20,07",880,"79,93",60,"5,45","6,82",12,"1,09","1,36",808,"73,39","91,82",1,M,MACRON,Emmanuel,722,"65,58","89,36",2,F,LE PEN,Marine,86,"7,81","10,64"
69,Rhône,02,2ème circonscription,123,Lyon,0414,975,179,"18,36",796,"81,64",65,"6,67","8,17",13,"1,33","1,63",718,"73,64","90,2",1,M,MACRON,Emmanuel,642,"65,85","89,42",2,F,LE PEN,Marine,76,"7,79","10,58"
69,Rhône,02,2ème circonscription,123,Lyon,0415,945,234,"24,76",711,"75,24",25,"2,65","3,52",10,"1,06","1,41",676,"71,53","95,08",1,M,MACRON,Emmanuel,570,"60,32","84,32",2,F,LE PEN,Marine,106,"11,22","15,68"
69,Rhône,02,2ème circonscription,123,Lyon,0416,775,172,"22,19",603,"77,81",34,"4,39","5,64",5,"0,65","0,83",564,"72,77","93,53",1,M,MACRON,Emmanuel,457,"58,97","81,03",2,F,LE PEN,Marine,107,"13,81","18,97"
69,Rhône,02,2ème circonscription,123,Lyon,0417,788,171,"21,7",617,"78,3",19,"2,41","3,08",7,"0,89","1,13",591,75,"95,79",1,M,MACRON,Emmanuel,480,"60,91","81,22",2,F,LE PEN,Marine,111,"14,09","18,78"
69,Rhône,02,2ème circonscription,123,Lyon,0418,742,202,"27,22",540,"72,78",35,"4,72","6,48",14,"1,89","2,59",491,"66,17","90,93",1,M,MACRON,Emmanuel,323,"43,53","65,78",2,F,LE PEN,Marine,168,"22,64","34,22"
69,Rhône,02,2ème circonscription,123,Lyon,0419,1076,244,"22,68",832,"77,32",34,"3,16","4,09",13,"1,21","1,56",785,"72,96","94,35",1,M,MACRON,Emmanuel,623,"57,9","79,36",2,F,LE PEN,Marine,162,"15,06","20,64"
69,Rhône,02,2ème circonscription,123,Lyon,0420,841,159,"18,91",682,"81,09",30,"3,57","4,4",7,"0,83","1,03",645,"76,69","94,57",1,M,MACRON,Emmanuel,537,"63,85","83,26",2,F,LE PEN,Marine,108,"12,84","16,74"
69,Rhône,02,2ème circonscription,123,Lyon,0421,1329,261,"19,64",1068,"80,36",58,"4,36","5,43",9,"0,68","0,84",1001,"75,32","93,73",1,M,MACRON,Emmanuel,834,"62,75","83,32",2,F,LE PEN,Marine,167,"12,57","16,68"
69,Rhône,02,2ème circonscription,123,Lyon,0422,1146,329,"28,71",817,"71,29",52,"4,54","6,36",19,"1,66","2,33",746,"65,1","91,31",1,M,MACRON,Emmanuel,578,"50,44","77,48",2,F,LE PEN,Marine,168,"14,66","22,52"
69,Rhône,02,2ème circonscription,123,Lyon,0423,976,215,"22,03",761,"77,97",37,"3,79","4,86",11,"1,13","1,45",713,"73,05","93,69",1,M,MACRON,Emmanuel,574,"58,81","80,5",2,F,LE PEN,Marine,139,"14,24","19,5"
69,Rhône,02,2ème circonscription,123,Lyon,0424,1179,261,"22,14",918,"77,86",52,"4,41","5,66",18,"1,53","1,96",848,"71,93","92,37",1,M,MACRON,Emmanuel,729,"61,83","85,97",2,F,LE PEN,Marine,119,"10,09","14,03"
69,Rhône,02,2ème circonscription,123,Lyon,0912,807,215,"26,64",592,"73,36",42,"5,2","7,09",6,"0,74","1,01",544,"67,41","91,89",1,M,MACRON,Emmanuel,425,"52,66","78,13",2,F,LE PEN,Marine,119,"14,75","21,88"
69,Rhône,02,2ème circonscription,123,Lyon,0913,1005,221,"21,99",784,"78,01",50,"4,98","6,38",14,"1,39","1,79",720,"71,64","91,84",1,M,MACRON,Emmanuel,586,"58,31","81,39",2,F,LE PEN,Marine,134,"13,33","18,61"
69,Rhône,02,2ème circonscription,123,Lyon,0914,807,200,"24,78",607,"75,22",39,"4,83","6,43",11,"1,36","1,81",557,"69,02","91,76",1,M,MACRON,Emmanuel,456,"56,51","81,87",2,F,LE PEN,Marine,101,"12,52","18,13"
69,Rhône,02,2ème circonscription,123,Lyon,0915,982,290,"29,53",692,"70,47",24,"2,44","3,47",11,"1,12","1,59",657,"66,9","94,94",1,M,MACRON,Emmanuel,538,"54,79","81,89",2,F,LE PEN,Marine,119,"12,12","18,11"
69,Rhône,02,2ème circonscription,123,Lyon,0916,1029,213,"20,7",816,"79,3",54,"5,25","6,62",12,"1,17","1,47",750,"72,89","91,91",1,M,MACRON,Emmanuel,618,"60,06","82,4",2,F,LE PEN,Marine,132,"12,83","17,6"
69,Rhône,02,2ème circonscription,123,Lyon,0917,984,301,"30,59",683,"69,41",50,"5,08","7,32",8,"0,81","1,17",625,"63,52","91,51",1,M,MACRON,Emmanuel,468,"47,56","74,88",2,F,LE PEN,Marine,157,"15,96","25,12"
69,Rhône,02,2ème circonscription,123,Lyon,0918,887,348,"39,23",539,"60,77",26,"2,93","4,82",10,"1,13","1,86",503,"56,71","93,32",1,M,MACRON,Emmanuel,361,"40,7","71,77",2,F,LE PEN,Marine,142,"16,01","28,23"
69,Rhône,02,2ème circonscription,123,Lyon,0919,756,261,"34,52",495,"65,48",23,"3,04","4,65",7,"0,93","1,41",465,"61,51","93,94",1,M,MACRON,Emmanuel,355,"46,96","76,34",2,F,LE PEN,Marine,110,"14,55","23,66"
69,Rhône,02,2ème circonscription,123,Lyon,0920,715,299,"41,82",416,"58,18",18,"2,52","4,33",16,"2,24","3,85",382,"53,43","91,83",1,M,MACRON,Emmanuel,275,"38,46","71,99",2,F,LE PEN,Marine,107,"14,97","28,01"
69,Rhône,02,2ème circonscription,123,Lyon,0921,915,444,"48,52",471,"51,48",32,"3,5","6,79",6,"0,66","1,27",433,"47,32","91,93",1,M,MACRON,Emmanuel,329,"35,96","75,98",2,F,LE PEN,Marine,104,"11,37","24,02"
69,Rhône,02,2ème circonscription,123,Lyon,0922,686,222,"32,36",464,"67,64",29,"4,23","6,25",8,"1,17","1,72",427,"62,24","92,03",1,M,MACRON,Emmanuel,276,"40,23","64,64",2,F,LE PEN,Marine,151,"22,01","35,36"
69,Rhône,02,2ème circonscription,123,Lyon,0923,815,275,"33,74",540,"66,26",34,"4,17","6,3",16,"1,96","2,96",490,"60,12","90,74",1,M,MACRON,Emmanuel,321,"39,39","65,51",2,F,LE PEN,Marine,169,"20,74","34,49"
69,Rhône,02,2ème circonscription,123,Lyon,0924,883,251,"28,43",632,"71,57",41,"4,64","6,49",11,"1,25","1,74",580,"65,69","91,77",1,M,MACRON,Emmanuel,411,"46,55","70,86",2,F,LE PEN,Marine,169,"19,14","29,14"
69,Rhône,02,2ème circonscription,123,Lyon,0925,985,297,"30,15",688,"69,85",44,"4,47","6,4",10,"1,02","1,45",634,"64,37","92,15",1,M,MACRON,Emmanuel,481,"48,83","75,87",2,F,LE PEN,Marine,153,"15,53","24,13"
69,Rhône,02,2ème circonscription,123,Lyon,0926,861,162,"18,82",699,"81,18",43,"4,99","6,15",20,"2,32","2,86",636,"73,87","90,99",1,M,MACRON,Emmanuel,497,"57,72","78,14",2,F,LE PEN,Marine,139,"16,14","21,86"
69,Rhône,02,2ème circonscription,123,Lyon,0927,854,205,24,649,76,29,"3,4","4,47",8,"0,94","1,23",612,"71,66","94,3",1,M,MACRON,Emmanuel,474,"55,5","77,45",2,F,LE PEN,Marine,138,"16,16","22,55"
69,Rhône,02,2ème circonscription,123,Lyon,0928,701,143,"20,4",558,"79,6",31,"4,42","5,56",7,1,"1,25",520,"74,18","93,19",1,M,MACRON,Emmanuel,411,"58,63","79,04",2,F,LE PEN,Marine,109,"15,55","20,96"
69,Rhône,02,2ème circonscription,123,Lyon,0929,797,167,"20,95",630,"79,05",36,"4,52","5,71",10,"1,25","1,59",584,"73,27","92,7",1,M,MACRON,Emmanuel,475,"59,6","81,34",2,F,LE PEN,Marine,109,"13,68","18,66"
69,Rhône,02,2ème circonscription,123,Lyon,0930,1227,400,"32,6",827,"67,4",47,"3,83","5,68",19,"1,55","2,3",761,"62,02","92,02",1,M,MACRON,Emmanuel,601,"48,98","78,98",2,F,LE PEN,Marine,160,"13,04","21,02"
69,Rhône,03,3ème circonscription,123,Lyon,0301,822,190,"23,11",632,"76,89",30,"3,65","4,75",10,"1,22","1,58",592,"72,02","93,67",1,M,MACRON,Emmanuel,471,"57,3","79,56",2,F,LE PEN,Marine,121,"14,72","20,44"
69,Rhône,03,3ème circonscription,123,Lyon,0302,1001,202,"20,18",799,"79,82",32,"3,2","4,01",10,1,"1,25",757,"75,62","94,74",1,M,MACRON,Emmanuel,607,"60,64","80,18",2,F,LE PEN,Marine,150,"14,99","19,82"
69,Rhône,03,3ème circonscription,123,Lyon,0303,812,166,"20,44",646,"79,56",29,"3,57","4,49",14,"1,72","2,17",603,"74,26","93,34",1,M,MACRON,Emmanuel,465,"57,27","77,11",2,F,LE PEN,Marine,138,17,"22,89"
69,Rhône,03,3ème circonscription,123,Lyon,0304,921,280,"30,4",641,"69,6",31,"3,37","4,84",16,"1,74","2,5",594,"64,5","92,67",1,M,MACRON,Emmanuel,456,"49,51","76,77",2,F,LE PEN,Marine,138,"14,98","23,23"
69,Rhône,03,3ème circonscription,123,Lyon,0305,987,169,"17,12",818,"82,88",37,"3,75","4,52",5,"0,51","0,61",776,"78,62","94,87",1,M,MACRON,Emmanuel,624,"63,22","80,41",2,F,LE PEN,Marine,152,"15,4","19,59"
69,Rhône,03,3ème circonscription,123,Lyon,0306,870,140,"16,09",730,"83,91",34,"3,91","4,66",7,"0,8","0,96",689,"79,2","94,38",1,M,MACRON,Emmanuel,561,"64,48","81,42",2,F,LE PEN,Marine,128,"14,71","18,58"
69,Rhône,03,3ème circonscription,123,Lyon,0307,958,178,"18,58",780,"81,42",36,"3,76","4,62",12,"1,25","1,54",732,"76,41","93,85",1,M,MACRON,Emmanuel,610,"63,67","83,33",2,F,LE PEN,Marine,122,"12,73","16,67"
69,Rhône,03,3ème circonscription,123,Lyon,0308,1001,237,"23,68",764,"76,32",38,"3,8","4,97",11,"1,1","1,44",715,"71,43","93,59",1,M,MACRON,Emmanuel,602,"60,14","84,2",2,F,LE PEN,Marine,113,"11,29","15,8"
69,Rhône,03,3ème circonscription,123,Lyon,0309,1067,221,"20,71",846,"79,29",62,"5,81","7,33",8,"0,75","0,95",776,"72,73","91,73",1,M,MACRON,Emmanuel,676,"63,36","87,11",2,F,LE PEN,Marine,100,"9,37","12,89"
69,Rhône,03,3ème circonscription,123,Lyon,0310,935,231,"24,71",704,"75,29",40,"4,28","5,68",19,"2,03","2,7",645,"68,98","91,62",1,M,MACRON,Emmanuel,548,"58,61","84,96",2,F,LE PEN,Marine,97,"10,37","15,04"
69,Rhône,03,3ème circonscription,123,Lyon,0311,1001,212,"21,18",789,"78,82",42,"4,2","5,32",10,1,"1,27",737,"73,63","93,41",1,M,MACRON,Emmanuel,608,"60,74","82,5",2,F,LE PEN,Marine,129,"12,89","17,5"
69,Rhône,03,3ème circonscription,123,Lyon,0312,1053,190,"18,04",863,"81,96",47,"4,46","5,45",14,"1,33","1,62",802,"76,16","92,93",1,M,MACRON,Emmanuel,675,"64,1","84,16",2,F,LE PEN,Marine,127,"12,06","15,84"
69,Rhône,03,3ème circonscription,123,Lyon,0313,1076,232,"21,56",844,"78,44",50,"4,65","5,92",12,"1,12","1,42",782,"72,68","92,65",1,M,MACRON,Emmanuel,644,"59,85","82,35",2,F,LE PEN,Marine,138,"12,83","17,65"
69,Rhône,03,3ème circonscription,123,Lyon,0314,894,179,"20,02",715,"79,98",29,"3,24","4,06",8,"0,89","1,12",678,"75,84","94,83",1,M,MACRON,Emmanuel,584,"65,32","86,14",2,F,LE PEN,Marine,94,"10,51","13,86"
69,Rhône,03,3ème circonscription,123,Lyon,0315,1033,275,"26,62",758,"73,38",45,"4,36","5,94",7,"0,68","0,92",706,"68,34","93,14",1,M,MACRON,Emmanuel,553,"53,53","78,33",2,F,LE PEN,Marine,153,"14,81","21,67"
69,Rhône,03,3ème circonscription,123,Lyon,0316,1075,225,"20,93",850,"79,07",49,"4,56","5,76",19,"1,77","2,24",782,"72,74",92,1,M,MACRON,Emmanuel,638,"59,35","81,59",2,F,LE PEN,Marine,144,"13,4","18,41"
69,Rhône,03,3ème circonscription,123,Lyon,0317,1022,251,"24,56",771,"75,44",52,"5,09","6,74",9,"0,88","1,17",710,"69,47","92,09",1,M,MACRON,Emmanuel,577,"56,46","81,27",2,F,LE PEN,Marine,133,"13,01","18,73"
69,Rhône,03,3ème circonscription,123,Lyon,0318,937,179,"19,1",758,"80,9",43,"4,59","5,67",11,"1,17","1,45",704,"75,13","92,88",1,M,MACRON,Emmanuel,563,"60,09","79,97",2,F,LE PEN,Marine,141,"15,05","20,03"
69,Rhône,03,3ème circonscription,123,Lyon,0349,935,200,"21,39",735,"78,61",31,"3,32","4,22",7,"0,75","0,95",697,"74,55","94,83",1,M,MACRON,Emmanuel,584,"62,46","83,79",2,F,LE PEN,Marine,113,"12,09","16,21"
69,Rhône,03,3ème circonscription,123,Lyon,0359,1036,243,"23,46",793,"76,54",48,"4,63","6,05",8,"0,77","1,01",737,"71,14","92,94",1,M,MACRON,Emmanuel,633,"61,1","85,89",2,F,LE PEN,Marine,104,"10,04","14,11"
69,Rhône,03,3ème circonscription,123,Lyon,0360,875,207,"23,66",668,"76,34",45,"5,14","6,74",14,"1,6","2,1",609,"69,6","91,17",1,M,MACRON,Emmanuel,483,"55,2","79,31",2,F,LE PEN,Marine,126,"14,4","20,69"
69,Rhône,03,3ème circonscription,123,Lyon,0701,1034,222,"21,47",812,"78,53",74,"7,16","9,11",15,"1,45","1,85",723,"69,92","89,04",1,M,MACRON,Emmanuel,604,"58,41","83,54",2,F,LE PEN,Marine,119,"11,51","16,46"
69,Rhône,03,3ème circonscription,123,Lyon,0702,1039,215,"20,69",824,"79,31",42,"4,04","5,1",8,"0,77","0,97",774,"74,49","93,93",1,M,MACRON,Emmanuel,682,"65,64","88,11",2,F,LE PEN,Marine,92,"8,85","11,89"
69,Rhône,03,3ème circonscription,123,Lyon,0703,1030,217,"21,07",813,"78,93",39,"3,79","4,8",11,"1,07","1,35",763,"74,08","93,85",1,M,MACRON,Emmanuel,645,"62,62","84,53",2,F,LE PEN,Marine,118,"11,46","15,47"
69,Rhône,03,3ème circonscription,123,Lyon,0704,865,169,"19,54",696,"80,46",48,"5,55","6,9",12,"1,39","1,72",636,"73,53","91,38",1,M,MACRON,Emmanuel,534,"61,73","83,96",2,F,LE PEN,Marine,102,"11,79","16,04"
69,Rhône,03,3ème circonscription,123,Lyon,0705,939,234,"24,92",705,"75,08",34,"3,62","4,82",12,"1,28","1,7",659,"70,18","93,48",1,M,MACRON,Emmanuel,567,"60,38","86,04",2,F,LE PEN,Marine,92,"9,8","13,96"
69,Rhône,03,3ème circonscription,123,Lyon,0706,1042,258,"24,76",784,"75,24",43,"4,13","5,48",8,"0,77","1,02",733,"70,35","93,49",1,M,MACRON,Emmanuel,653,"62,67","89,09",2,F,LE PEN,Marine,80,"7,68","10,91"
69,Rhône,03,3ème circonscription,123,Lyon,0707,803,162,"20,17",641,"79,83",35,"4,36","5,46",7,"0,87","1,09",599,"74,6","93,45",1,M,MACRON,Emmanuel,521,"64,88","86,98",2,F,LE PEN,Marine,78,"9,71","13,02"
69,Rhône,03,3ème circonscription,123,Lyon,0708,945,248,"26,24",697,"73,76",46,"4,87","6,6",12,"1,27","1,72",639,"67,62","91,68",1,M,MACRON,Emmanuel,556,"58,84","87,01",2,F,LE PEN,Marine,83,"8,78","12,99"
69,Rhône,03,3ème circonscription,123,Lyon,0709,904,202,"22,35",702,"77,65",52,"5,75","7,41",16,"1,77","2,28",634,"70,13","90,31",1,M,MACRON,Emmanuel,559,"61,84","88,17",2,F,LE PEN,Marine,75,"8,3","11,83"
69,Rhône,03,3ème circonscription,123,Lyon,0710,1116,290,"25,99",826,"74,01",41,"3,67","4,96",18,"1,61","2,18",767,"68,73","92,86",1,M,MACRON,Emmanuel,664,"59,5","86,57",2,F,LE PEN,Marine,103,"9,23","13,43"
69,Rhône,03,3ème circonscription,123,Lyon,0711,1048,244,"23,28",804,"76,72",53,"5,06","6,59",10,"0,95","1,24",741,"70,71","92,16",1,M,MACRON,Emmanuel,626,"59,73","84,48",2,F,LE PEN,Marine,115,"10,97","15,52"
69,Rhône,03,3ème circonscription,123,Lyon,0712,1198,275,"22,95",923,"77,05",50,"4,17","5,42",14,"1,17","1,52",859,"71,7","93,07",1,M,MACRON,Emmanuel,727,"60,68","84,63",2,F,LE PEN,Marine,132,"11,02","15,37"
69,Rhône,03,3ème circonscription,123,Lyon,0713,1153,193,"16,74",960,"83,26",60,"5,2","6,25",18,"1,56","1,88",882,"76,5","91,88",1,M,MACRON,Emmanuel,780,"67,65","88,44",2,F,LE PEN,Marine,102,"8,85","11,56"
69,Rhône,03,3ème circonscription,123,Lyon,0714,1021,241,"23,6",780,"76,4",36,"3,53","4,62",10,"0,98","1,28",734,"71,89","94,1",1,M,MACRON,Emmanuel,620,"60,72","84,47",2,F,LE PEN,Marine,114,"11,17","15,53"
69,Rhône,03,3ème circonscription,123,Lyon,0715,1034,257,"24,85",777,"75,15",49,"4,74","6,31",7,"0,68","0,9",721,"69,73","92,79",1,M,MACRON,Emmanuel,621,"60,06","86,13",2,F,LE PEN,Marine,100,"9,67","13,87"
69,Rhône,03,3ème circonscription,123,Lyon,0716,1180,303,"25,68",877,"74,32",56,"4,75","6,39",15,"1,27","1,71",806,"68,31","91,9",1,M,MACRON,Emmanuel,648,"54,92","80,4",2,F,LE PEN,Marine,158,"13,39","19,6"
69,Rhône,03,3ème circonscription,123,Lyon,0717,1004,231,"23,01",773,"76,99",41,"4,08","5,3",16,"1,59","2,07",716,"71,31","92,63",1,M,MACRON,Emmanuel,589,"58,67","82,26",2,F,LE PEN,Marine,127,"12,65","17,74"
69,Rhône,03,3ème circonscription,123,Lyon,0718,990,223,"22,53",767,"77,47",40,"4,04","5,22",18,"1,82","2,35",709,"71,62","92,44",1,M,MACRON,Emmanuel,594,60,"83,78",2,F,LE PEN,Marine,115,"11,62","16,22"
69,Rhône,03,3ème circonscription,123,Lyon,0719,947,239,"25,24",708,"74,76",38,"4,01","5,37",11,"1,16","1,55",659,"69,59","93,08",1,M,MACRON,Emmanuel,545,"57,55","82,7",2,F,LE PEN,Marine,114,"12,04","17,3"
69,Rhône,03,3ème circonscription,123,Lyon,0720,1053,224,"21,27",829,"78,73",55,"5,22","6,63",13,"1,23","1,57",761,"72,27","91,8",1,M,MACRON,Emmanuel,648,"61,54","85,15",2,F,LE PEN,Marine,113,"10,73","14,85"
69,Rhône,03,3ème circonscription,123,Lyon,0721,1071,222,"20,73",849,"79,27",53,"4,95","6,24",16,"1,49","1,88",780,"72,83","91,87",1,M,MACRON,Emmanuel,668,"62,37","85,64",2,F,LE PEN,Marine,112,"10,46","14,36"
69,Rhône,03,3ème circonscription,123,Lyon,0722,1103,295,"26,75",808,"73,25",34,"3,08","4,21",7,"0,63","0,87",767,"69,54","94,93",1,M,MACRON,Emmanuel,614,"55,67","80,05",2,F,LE PEN,Marine,153,"13,87","19,95"
69,Rhône,03,3ème circonscription,123,Lyon,0723,1045,285,"27,27",760,"72,73",37,"3,54","4,87",11,"1,05","1,45",712,"68,13","93,68",1,M,MACRON,Emmanuel,540,"51,67","75,84",2,F,LE PEN,Marine,172,"16,46","24,16"
69,Rhône,03,3ème circonscription,123,Lyon,0724,1021,207,"20,27",814,"79,73",50,"4,9","6,14",8,"0,78","0,98",756,"74,05","92,87",1,M,MACRON,Emmanuel,616,"60,33","81,48",2,F,LE PEN,Marine,140,"13,71","18,52"
69,Rhône,03,3ème circonscription,123,Lyon,0725,1123,297,"26,45",826,"73,55",62,"5,52","7,51",15,"1,34","1,82",749,"66,7","90,68",1,M,MACRON,Emmanuel,635,"56,54","84,78",2,F,LE PEN,Marine,114,"10,15","15,22"
69,Rhône,03,3ème circonscription,123,Lyon,0726,1030,279,"27,09",751,"72,91",55,"5,34","7,32",16,"1,55","2,13",680,"66,02","90,55",1,M,MACRON,Emmanuel,537,"52,14","78,97",2,F,LE PEN,Marine,143,"13,88","21,03"
69,Rhône,03,3ème circonscription,123,Lyon,0727,1113,290,"26,06",823,"73,94",73,"6,56","8,87",8,"0,72","0,97",742,"66,67","90,16",1,M,MACRON,Emmanuel,586,"52,65","78,98",2,F,LE PEN,Marine,156,"14,02","21,02"
69,Rhône,03,3ème circonscription,123,Lyon,0801,1082,337,"31,15",745,"68,85",54,"4,99","7,25",17,"1,57","2,28",674,"62,29","90,47",1,M,MACRON,Emmanuel,495,"45,75","73,44",2,F,LE PEN,Marine,179,"16,54","26,56"
69,Rhône,03,3ème circonscription,123,Lyon,0802,1034,213,"20,6",821,"79,4",45,"4,35","5,48",2,"0,19","0,24",774,"74,85","94,28",1,M,MACRON,Emmanuel,582,"56,29","75,19",2,F,LE PEN,Marine,192,"18,57","24,81"
69,Rhône,03,3ème circonscription,123,Lyon,0803,1226,299,"24,39",927,"75,61",46,"3,75","4,96",8,"0,65","0,86",873,"71,21","94,17",1,M,MACRON,Emmanuel,686,"55,95","78,58",2,F,LE PEN,Marine,187,"15,25","21,42"
69,Rhône,03,3ème circonscription,123,Lyon,0804,992,249,"25,1",743,"74,9",41,"4,13","5,52",15,"1,51","2,02",687,"69,25","92,46",1,M,MACRON,Emmanuel,521,"52,52","75,84",2,F,LE PEN,Marine,166,"16,73","24,16"
69,Rhône,03,3ème circonscription,123,Lyon,0805,930,192,"20,65",738,"79,35",42,"4,52","5,69",13,"1,4","1,76",683,"73,44","92,55",1,M,MACRON,Emmanuel,556,"59,78","81,41",2,F,LE PEN,Marine,127,"13,66","18,59"
69,Rhône,03,3ème circonscription,123,Lyon,0806,921,166,"18,02",755,"81,98",40,"4,34","5,3",9,"0,98","1,19",706,"76,66","93,51",1,M,MACRON,Emmanuel,576,"62,54","81,59",2,F,LE PEN,Marine,130,"14,12","18,41"
69,Rhône,03,3ème circonscription,123,Lyon,0807,884,249,"28,17",635,"71,83",21,"2,38","3,31",13,"1,47","2,05",601,"67,99","94,65",1,M,MACRON,Emmanuel,483,"54,64","80,37",2,F,LE PEN,Marine,118,"13,35","19,63"
69,Rhône,03,3ème circonscription,123,Lyon,0808,890,200,"22,47",690,"77,53",47,"5,28","6,81",12,"1,35","1,74",631,"70,9","91,45",1,M,MACRON,Emmanuel,495,"55,62","78,45",2,F,LE PEN,Marine,136,"15,28","21,55"
69,Rhône,03,3ème circonscription,123,Lyon,0809,1099,195,"17,74",904,"82,26",49,"4,46","5,42",10,"0,91","1,11",845,"76,89","93,47",1,M,MACRON,Emmanuel,687,"62,51","81,3",2,F,LE PEN,Marine,158,"14,38","18,7"
69,Rhône,03,3ème circonscription,123,Lyon,0810,991,220,"22,2",771,"77,8",39,"3,94","5,06",16,"1,61","2,08",716,"72,25","92,87",1,M,MACRON,Emmanuel,579,"58,43","80,87",2,F,LE PEN,Marine,137,"13,82","19,13"
69,Rhône,03,3ème circonscription,123,Lyon,0820,827,349,"42,2",478,"57,8",24,"2,9","5,02",8,"0,97","1,67",446,"53,93","93,31",1,M,MACRON,Emmanuel,321,"38,81","71,97",2,F,LE PEN,Marine,125,"15,11","28,03"
69,Rhône,03,3ème circonscription,123,Lyon,0821,761,384,"50,46",377,"49,54",20,"2,63","5,31",3,"0,39","0,8",354,"46,52","93,9",1,M,MACRON,Emmanuel,276,"36,27","77,97",2,F,LE PEN,Marine,78,"10,25","22,03"
69,Rhône,03,3ème circonscription,123,Lyon,0822,828,287,"34,66",541,"65,34",44,"5,31","8,13",6,"0,72","1,11",491,"59,3","90,76",1,M,MACRON,Emmanuel,345,"41,67","70,26",2,F,LE PEN,Marine,146,"17,63","29,74"
69,Rhône,03,3ème circonscription,123,Lyon,0823,844,255,"30,21",589,"69,79",31,"3,67","5,26",8,"0,95","1,36",550,"65,17","93,38",1,M,MACRON,Emmanuel,382,"45,26","69,45",2,F,LE PEN,Marine,168,"19,91","30,55"
69,Rhône,03,3ème circonscription,123,Lyon,0824,667,156,"23,39",511,"76,61",36,"5,4","7,05",5,"0,75","0,98",470,"70,46","91,98",1,M,MACRON,Emmanuel,337,"50,52","71,7",2,F,LE PEN,Marine,133,"19,94","28,3"
69,Rhône,03,3ème circonscription,123,Lyon,0825,871,250,"28,7",621,"71,3",48,"5,51","7,73",8,"0,92","1,29",565,"64,87","90,98",1,M,MACRON,Emmanuel,394,"45,24","69,73",2,F,LE PEN,Marine,171,"19,63","30,27"
69,Rhône,03,3ème circonscription,123,Lyon,0826,818,363,"44,38",455,"55,62",23,"2,81","5,05",5,"0,61","1,1",427,"52,2","93,85",1,M,MACRON,Emmanuel,320,"39,12","74,94",2,F,LE PEN,Marine,107,"13,08","25,06"
69,Rhône,03,3ème circonscription,123,Lyon,0827,933,333,"35,69",600,"64,31",42,"4,5",7,10,"1,07","1,67",548,"58,74","91,33",1,M,MACRON,Emmanuel,379,"40,62","69,16",2,F,LE PEN,Marine,169,"18,11","30,84"
69,Rhône,03,3ème circonscription,123,Lyon,0828,810,374,"46,17",436,"53,83",26,"3,21","5,96",5,"0,62","1,15",405,50,"92,89",1,M,MACRON,Emmanuel,290,"35,8","71,6",2,F,LE PEN,Marine,115,"14,2","28,4"
69,Rhône,03,3ème circonscription,123,Lyon,0829,954,438,"45,91",516,"54,09",27,"2,83","5,23",14,"1,47","2,71",475,"49,79","92,05",1,M,MACRON,Emmanuel,324,"33,96","68,21",2,F,LE PEN,Marine,151,"15,83","31,79"
69,Rhône,03,3ème circonscription,123,Lyon,0830,651,278,"42,7",373,"57,3",17,"2,61","4,56",0,0,0,356,"54,69","95,44",1,M,MACRON,Emmanuel,237,"36,41","66,57",2,F,LE PEN,Marine,119,"18,28","33,43"
69,Rhône,03,3ème circonscription,123,Lyon,0831,946,295,"31,18",651,"68,82",32,"3,38","4,92",8,"0,85","1,23",611,"64,59","93,86",1,M,MACRON,Emmanuel,438,"46,3","71,69",2,F,LE PEN,Marine,173,"18,29","28,31"
69,Rhône,03,3ème circonscription,123,Lyon,0832,707,253,"35,79",454,"64,21",25,"3,54","5,51",7,"0,99","1,54",422,"59,69","92,95",1,M,MACRON,Emmanuel,287,"40,59","68,01",2,F,LE PEN,Marine,135,"19,09","31,99"
69,Rhône,03,3ème circonscription,123,Lyon,0833,916,347,"37,88",569,"62,12",45,"4,91","7,91",10,"1,09","1,76",514,"56,11","90,33",1,M,MACRON,Emmanuel,350,"38,21","68,09",2,F,LE PEN,Marine,164,"17,9","31,91"
69,Rhône,03,3ème circonscription,123,Lyon,0834,993,284,"28,6",709,"71,4",45,"4,53","6,35",15,"1,51","2,12",649,"65,36","91,54",1,M,MACRON,Emmanuel,479,"48,24","73,81",2,F,LE PEN,Marine,170,"17,12","26,19"
69,Rhône,03,3ème circonscription,123,Lyon,0843,990,396,40,594,60,32,"3,23","5,39",5,"0,51","0,84",557,"56,26","93,77",1,M,MACRON,Emmanuel,386,"38,99","69,3",2,F,LE PEN,Marine,171,"17,27","30,7"
69,Rhône,04,4ème circonscription,123,Lyon,0001,54,51,"94,44",3,"5,56",0,0,0,0,0,0,3,"5,56",100,1,M,MACRON,Emmanuel,2,"3,7","66,67",2,F,LE PEN,Marine,1,"1,85","33,33"
69,Rhône,04,4ème circonscription,123,Lyon,0319,941,250,"26,57",691,"73,43",36,"3,83","5,21",16,"1,7","2,32",639,"67,91","92,47",1,M,MACRON,Emmanuel,496,"52,71","77,62",2,F,LE PEN,Marine,143,"15,2","22,38"
69,Rhône,04,4ème circonscription,123,Lyon,0320,1066,205,"19,23",861,"80,77",49,"4,6","5,69",11,"1,03","1,28",801,"75,14","93,03",1,M,MACRON,Emmanuel,668,"62,66","83,4",2,F,LE PEN,Marine,133,"12,48","16,6"
69,Rhône,04,4ème circonscription,123,Lyon,0321,942,233,"24,73",709,"75,27",32,"3,4","4,51",12,"1,27","1,69",665,"70,59","93,79",1,M,MACRON,Emmanuel,507,"53,82","76,24",2,F,LE PEN,Marine,158,"16,77","23,76"
69,Rhône,04,4ème circonscription,123,Lyon,0322,823,205,"24,91",618,"75,09",36,"4,37","5,83",11,"1,34","1,78",571,"69,38","92,39",1,M,MACRON,Emmanuel,469,"56,99","82,14",2,F,LE PEN,Marine,102,"12,39","17,86"
69,Rhône,04,4ème circonscription,123,Lyon,0323,1011,227,"22,45",784,"77,55",37,"3,66","4,72",15,"1,48","1,91",732,"72,4","93,37",1,M,MACRON,Emmanuel,610,"60,34","83,33",2,F,LE PEN,Marine,122,"12,07","16,67"
69,Rhône,04,4ème circonscription,123,Lyon,0324,938,278,"29,64",660,"70,36",36,"3,84","5,45",15,"1,6","2,27",609,"64,93","92,27",1,M,MACRON,Emmanuel,483,"51,49","79,31",2,F,LE PEN,Marine,126,"13,43","20,69"
69,Rhône,04,4ème circonscription,123,Lyon,0325,971,260,"26,78",711,"73,22",37,"3,81","5,2",15,"1,54","2,11",659,"67,87","92,69",1,M,MACRON,Emmanuel,505,"52,01","76,63",2,F,LE PEN,Marine,154,"15,86","23,37"
69,Rhône,04,4ème circonscription,123,Lyon,0326,1059,253,"23,89",806,"76,11",51,"4,82","6,33",16,"1,51","1,99",739,"69,78","91,69",1,M,MACRON,Emmanuel,618,"58,36","83,63",2,F,LE PEN,Marine,121,"11,43","16,37"
69,Rhône,04,4ème circonscription,123,Lyon,0327,921,202,"21,93",719,"78,07",32,"3,47","4,45",10,"1,09","1,39",677,"73,51","94,16",1,M,MACRON,Emmanuel,544,"59,07","80,35",2,F,LE PEN,Marine,133,"14,44","19,65"
69,Rhône,04,4ème circonscription,123,Lyon,0328,846,226,"26,71",620,"73,29",32,"3,78","5,16",16,"1,89","2,58",572,"67,61","92,26",1,M,MACRON,Emmanuel,440,"52,01","76,92",2,F,LE PEN,Marine,132,"15,6","23,08"
69,Rhône,04,4ème circonscription,123,Lyon,0329,718,163,"22,7",555,"77,3",33,"4,6","5,95",9,"1,25","1,62",513,"71,45","92,43",1,M,MACRON,Emmanuel,407,"56,69","79,34",2,F,LE PEN,Marine,106,"14,76","20,66"
69,Rhône,04,4ème circonscription,123,Lyon,0330,1023,258,"25,22",765,"74,78",29,"2,83","3,79",11,"1,08","1,44",725,"70,87","94,77",1,M,MACRON,Emmanuel,552,"53,96","76,14",2,F,LE PEN,Marine,173,"16,91","23,86"
69,Rhône,04,4ème circonscription,123,Lyon,0331,904,224,"24,78",680,"75,22",29,"3,21","4,26",10,"1,11","1,47",641,"70,91","94,26",1,M,MACRON,Emmanuel,495,"54,76","77,22",2,F,LE PEN,Marine,146,"16,15","22,78"
69,Rhône,04,4ème circonscription,123,Lyon,0332,1034,250,"24,18",784,"75,82",43,"4,16","5,48",13,"1,26","1,66",728,"70,41","92,86",1,M,MACRON,Emmanuel,544,"52,61","74,73",2,F,LE PEN,Marine,184,"17,79","25,27"
69,Rhône,04,4ème circonscription,123,Lyon,0333,979,189,"19,31",790,"80,69",35,"3,58","4,43",12,"1,23","1,52",743,"75,89","94,05",1,M,MACRON,Emmanuel,575,"58,73","77,39",2,F,LE PEN,Marine,168,"17,16","22,61"
69,Rhône,04,4ème circonscription,123,Lyon,0334,819,173,"21,12",646,"78,88",32,"3,91","4,95",11,"1,34","1,7",603,"73,63","93,34",1,M,MACRON,Emmanuel,477,"58,24","79,1",2,F,LE PEN,Marine,126,"15,38","20,9"
69,Rhône,04,4ème circonscription,123,Lyon,0335,840,196,"23,33",644,"76,67",33,"3,93","5,12",6,"0,71","0,93",605,"72,02","93,94",1,M,MACRON,Emmanuel,484,"57,62",80,2,F,LE PEN,Marine,121,"14,4",20
69,Rhône,04,4ème circonscription,123,Lyon,0336,805,162,"20,12",643,"79,88",36,"4,47","5,6",8,"0,99","1,24",599,"74,41","93,16",1,M,MACRON,Emmanuel,500,"62,11","83,47",2,F,LE PEN,Marine,99,"12,3","16,53"
69,Rhône,04,4ème circonscription,123,Lyon,0337,1037,223,"21,5",814,"78,5",42,"4,05","5,16",7,"0,68","0,86",765,"73,77","93,98",1,M,MACRON,Emmanuel,627,"60,46","81,96",2,F,LE PEN,Marine,138,"13,31","18,04"
69,Rhône,04,4ème circonscription,123,Lyon,0338,1061,248,"23,37",813,"76,63",51,"4,81","6,27",13,"1,23","1,6",749,"70,59","92,13",1,M,MACRON,Emmanuel,590,"55,61","78,77",2,F,LE PEN,Marine,159,"14,99","21,23"
69,Rhône,04,4ème circonscription,123,Lyon,0339,1065,218,"20,47",847,"79,53",53,"4,98","6,26",18,"1,69","2,13",776,"72,86","91,62",1,M,MACRON,Emmanuel,609,"57,18","78,48",2,F,LE PEN,Marine,167,"15,68","21,52"
69,Rhône,04,4ème circonscription,123,Lyon,0340,985,230,"23,35",755,"76,65",51,"5,18","6,75",12,"1,22","1,59",692,"70,25","91,66",1,M,MACRON,Emmanuel,566,"57,46","81,79",2,F,LE PEN,Marine,126,"12,79","18,21"
69,Rhône,04,4ème circonscription,123,Lyon,0341,819,149,"18,19",670,"81,81",36,"4,4","5,37",14,"1,71","2,09",620,"75,7","92,54",1,M,MACRON,Emmanuel,505,"61,66","81,45",2,F,LE PEN,Marine,115,"14,04","18,55"
69,Rhône,04,4ème circonscription,123,Lyon,0342,736,133,"18,07",603,"81,93",30,"4,08","4,98",4,"0,54","0,66",569,"77,31","94,36",1,M,MACRON,Emmanuel,494,"67,12","86,82",2,F,LE PEN,Marine,75,"10,19","13,18"
69,Rhône,04,4ème circonscription,123,Lyon,0343,903,163,"18,05",740,"81,95",39,"4,32","5,27",13,"1,44","1,76",688,"76,19","92,97",1,M,MACRON,Emmanuel,565,"62,57","82,12",2,F,LE PEN,Marine,123,"13,62","17,88"
69,Rhône,04,4ème circonscription,123,Lyon,0344,992,198,"19,96",794,"80,04",42,"4,23","5,29",19,"1,92","2,39",733,"73,89","92,32",1,M,MACRON,Emmanuel,578,"58,27","78,85",2,F,LE PEN,Marine,155,"15,63","21,15"
69,Rhône,04,4ème circonscription,123,Lyon,0345,861,158,"18,35",703,"81,65",40,"4,65","5,69",15,"1,74","2,13",648,"75,26","92,18",1,M,MACRON,Emmanuel,541,"62,83","83,49",2,F,LE PEN,Marine,107,"12,43","16,51"
69,Rhône,04,4ème circonscription,123,Lyon,0346,967,329,"34,02",638,"65,98",36,"3,72","5,64",10,"1,03","1,57",592,"61,22","92,79",1,M,MACRON,Emmanuel,430,"44,47","72,64",2,F,LE PEN,Marine,162,"16,75","27,36"
69,Rhône,04,4ème circonscription,123,Lyon,0347,936,225,"24,04",711,"75,96",36,"3,85","5,06",17,"1,82","2,39",658,"70,3","92,55",1,M,MACRON,Emmanuel,501,"53,53","76,14",2,F,LE PEN,Marine,157,"16,77","23,86"
69,Rhône,04,4ème circonscription,123,Lyon,0348,977,302,"30,91",675,"69,09",52,"5,32","7,7",6,"0,61","0,89",617,"63,15","91,41",1,M,MACRON,Emmanuel,485,"49,64","78,61",2,F,LE PEN,Marine,132,"13,51","21,39"
69,Rhône,04,4ème circonscription,123,Lyon,0350,719,171,"23,78",548,"76,22",35,"4,87","6,39",10,"1,39","1,82",503,"69,96","91,79",1,M,MACRON,Emmanuel,424,"58,97","84,29",2,F,LE PEN,Marine,79,"10,99","15,71"
69,Rhône,04,4ème circonscription,123,Lyon,0351,885,178,"20,11",707,"79,89",29,"3,28","4,1",6,"0,68","0,85",672,"75,93","95,05",1,M,MACRON,Emmanuel,535,"60,45","79,61",2,F,LE PEN,Marine,137,"15,48","20,39"
69,Rhône,04,4ème circonscription,123,Lyon,0352,1069,214,"20,02",855,"79,98",36,"3,37","4,21",10,"0,94","1,17",809,"75,68","94,62",1,M,MACRON,Emmanuel,632,"59,12","78,12",2,F,LE PEN,Marine,177,"16,56","21,88"
69,Rhône,04,4ème circonscription,123,Lyon,0353,992,179,"18,04",813,"81,96",44,"4,44","5,41",15,"1,51","1,85",754,"76,01","92,74",1,M,MACRON,Emmanuel,592,"59,68","78,51",2,F,LE PEN,Marine,162,"16,33","21,49"
69,Rhône,04,4ème circonscription,123,Lyon,0354,863,147,"17,03",716,"82,97",43,"4,98","6,01",12,"1,39","1,68",661,"76,59","92,32",1,M,MACRON,Emmanuel,523,"60,6","79,12",2,F,LE PEN,Marine,138,"15,99","20,88"
69,Rhône,04,4ème circonscription,123,Lyon,0355,904,203,"22,46",701,"77,54",45,"4,98","6,42",5,"0,55","0,71",651,"72,01","92,87",1,M,MACRON,Emmanuel,519,"57,41","79,72",2,F,LE PEN,Marine,132,"14,6","20,28"
69,Rhône,04,4ème circonscription,123,Lyon,0356,763,129,"16,91",634,"83,09",43,"5,64","6,78",10,"1,31","1,58",581,"76,15","91,64",1,M,MACRON,Emmanuel,475,"62,25","81,76",2,F,LE PEN,Marine,106,"13,89","18,24"
69,Rhône,04,4ème circonscription,123,Lyon,0357,793,126,"15,89",667,"84,11",32,"4,04","4,8",12,"1,51","1,8",623,"78,56","93,4",1,M,MACRON,Emmanuel,527,"66,46","84,59",2,F,LE PEN,Marine,96,"12,11","15,41"
69,Rhône,04,4ème circonscription,123,Lyon,0358,940,196,"20,85",744,"79,15",41,"4,36","5,51",16,"1,7","2,15",687,"73,09","92,34",1,M,MACRON,Emmanuel,545,"57,98","79,33",2,F,LE PEN,Marine,142,"15,11","20,67"
69,Rhône,04,4ème circonscription,123,Lyon,0601,747,196,"26,24",551,"73,76",23,"3,08","4,17",9,"1,2","1,63",519,"69,48","94,19",1,M,MACRON,Emmanuel,416,"55,69","80,15",2,F,LE PEN,Marine,103,"13,79","19,85"
69,Rhône,04,4ème circonscription,123,Lyon,0602,964,284,"29,46",680,"70,54",48,"4,98","7,06",6,"0,62","0,88",626,"64,94","92,06",1,M,MACRON,Emmanuel,482,50,77,2,F,LE PEN,Marine,144,"14,94",23
69,Rhône,04,4ème circonscription,123,Lyon,0603,1015,184,"18,13",831,"81,87",48,"4,73","5,78",10,"0,99","1,2",773,"76,16","93,02",1,M,MACRON,Emmanuel,612,"60,3","79,17",2,F,LE PEN,Marine,161,"15,86","20,83"
69,Rhône,04,4ème circonscription,123,Lyon,0604,792,156,"19,7",636,"80,3",47,"5,93","7,39",8,"1,01","1,26",581,"73,36","91,35",1,M,MACRON,Emmanuel,461,"58,21","79,35",2,F,LE PEN,Marine,120,"15,15","20,65"
69,Rhône,04,4ème circonscription,123,Lyon,0605,894,166,"18,57",728,"81,43",35,"3,91","4,81",8,"0,89","1,1",685,"76,62","94,09",1,M,MACRON,Emmanuel,552,"61,74","80,58",2,F,LE PEN,Marine,133,"14,88","19,42"
69,Rhône,04,4ème circonscription,123,Lyon,0606,1019,240,"23,55",779,"76,45",39,"3,83","5,01",11,"1,08","1,41",729,"71,54","93,58",1,M,MACRON,Emmanuel,582,"57,11","79,84",2,F,LE PEN,Marine,147,"14,43","20,16"
69,Rhône,04,4ème circonscription,123,Lyon,0607,636,133,"20,91",503,"79,09",9,"1,42","1,79",4,"0,63","0,8",490,"77,04","97,42",1,M,MACRON,Emmanuel,404,"63,52","82,45",2,F,LE PEN,Marine,86,"13,52","17,55"
69,Rhône,04,4ème circonscription,123,Lyon,0608,486,116,"23,87",370,"76,13",24,"4,94","6,49",5,"1,03","1,35",341,"70,16","92,16",1,M,MACRON,Emmanuel,269,"55,35","78,89",2,F,LE PEN,Marine,72,"14,81","21,11"
69,Rhône,04,4ème circonscription,123,Lyon,0609,944,201,"21,29",743,"78,71",39,"4,13","5,25",6,"0,64","0,81",698,"73,94","93,94",1,M,MACRON,Emmanuel,544,"57,63","77,94",2,F,LE PEN,Marine,154,"16,31","22,06"
69,Rhône,04,4ème circonscription,123,Lyon,0610,1145,238,"20,79",907,"79,21",49,"4,28","5,4",8,"0,7","0,88",850,"74,24","93,72",1,M,MACRON,Emmanuel,702,"61,31","82,59",2,F,LE PEN,Marine,148,"12,93","17,41"
69,Rhône,04,4ème circonscription,123,Lyon,0611,975,182,"18,67",793,"81,33",29,"2,97","3,66",14,"1,44","1,77",750,"76,92","94,58",1,M,MACRON,Emmanuel,602,"61,74","80,27",2,F,LE PEN,Marine,148,"15,18","19,73"
69,Rhône,04,4ème circonscription,123,Lyon,0612,1196,310,"25,92",886,"74,08",47,"3,93","5,3",19,"1,59","2,14",820,"68,56","92,55",1,M,MACRON,Emmanuel,655,"54,77","79,88",2,F,LE PEN,Marine,165,"13,8","20,12"
69,Rhône,04,4ème circonscription,123,Lyon,0613,1046,192,"18,36",854,"81,64",40,"3,82","4,68",10,"0,96","1,17",804,"76,86","94,15",1,M,MACRON,Emmanuel,637,"60,9","79,23",2,F,LE PEN,Marine,167,"15,97","20,77"
69,Rhône,04,4ème circonscription,123,Lyon,0614,869,191,"21,98",678,"78,02",21,"2,42","3,1",15,"1,73","2,21",642,"73,88","94,69",1,M,MACRON,Emmanuel,506,"58,23","78,82",2,F,LE PEN,Marine,136,"15,65","21,18"
69,Rhône,04,4ème circonscription,123,Lyon,0615,1081,219,"20,26",862,"79,74",48,"4,44","5,57",3,"0,28","0,35",811,"75,02","94,08",1,M,MACRON,Emmanuel,667,"61,7","82,24",2,F,LE PEN,Marine,144,"13,32","17,76"
69,Rhône,04,4ème circonscription,123,Lyon,0616,910,157,"17,25",753,"82,75",37,"4,07","4,91",8,"0,88","1,06",708,"77,8","94,02",1,M,MACRON,Emmanuel,549,"60,33","77,54",2,F,LE PEN,Marine,159,"17,47","22,46"
69,Rhône,04,4ème circonscription,123,Lyon,0617,969,172,"17,75",797,"82,25",47,"4,85","5,9",14,"1,44","1,76",736,"75,95","92,35",1,M,MACRON,Emmanuel,580,"59,86","78,8",2,F,LE PEN,Marine,156,"16,1","21,2"
69,Rhône,04,4ème circonscription,123,Lyon,0618,843,146,"17,32",697,"82,68",32,"3,8","4,59",12,"1,42","1,72",653,"77,46","93,69",1,M,MACRON,Emmanuel,522,"61,92","79,94",2,F,LE PEN,Marine,131,"15,54","20,06"
69,Rhône,04,4ème circonscription,123,Lyon,0619,937,168,"17,93",769,"82,07",42,"4,48","5,46",4,"0,43","0,52",723,"77,16","94,02",1,M,MACRON,Emmanuel,573,"61,15","79,25",2,F,LE PEN,Marine,150,"16,01","20,75"
69,Rhône,04,4ème circonscription,123,Lyon,0620,959,165,"17,21",794,"82,79",28,"2,92","3,53",13,"1,36","1,64",753,"78,52","94,84",1,M,MACRON,Emmanuel,616,"64,23","81,81",2,F,LE PEN,Marine,137,"14,29","18,19"
69,Rhône,04,4ème circonscription,123,Lyon,0621,968,180,"18,6",788,"81,4",34,"3,51","4,31",11,"1,14","1,4",743,"76,76","94,29",1,M,MACRON,Emmanuel,574,"59,3","77,25",2,F,LE PEN,Marine,169,"17,46","22,75"
69,Rhône,04,4ème circonscription,123,Lyon,0622,1083,203,"18,74",880,"81,26",30,"2,77","3,41",11,"1,02","1,25",839,"77,47","95,34",1,M,MACRON,Emmanuel,675,"62,33","80,45",2,F,LE PEN,Marine,164,"15,14","19,55"
69,Rhône,04,4ème circonscription,123,Lyon,0623,854,206,"24,12",648,"75,88",18,"2,11","2,78",10,"1,17","1,54",620,"72,6","95,68",1,M,MACRON,Emmanuel,501,"58,67","80,81",2,F,LE PEN,Marine,119,"13,93","19,19"
69,Rhône,04,4ème circonscription,123,Lyon,0624,1156,264,"22,84",892,"77,16",31,"2,68","3,48",15,"1,3","1,68",846,"73,18","94,84",1,M,MACRON,Emmanuel,681,"58,91","80,5",2,F,LE PEN,Marine,165,"14,27","19,5"
69,Rhône,04,4ème circonscription,123,Lyon,0625,826,177,"21,43",649,"78,57",26,"3,15","4,01",12,"1,45","1,85",611,"73,97","94,14",1,M,MACRON,Emmanuel,475,"57,51","77,74",2,F,LE PEN,Marine,136,"16,46","22,26"
69,Rhône,04,4ème circonscription,123,Lyon,0626,830,157,"18,92",673,"81,08",22,"2,65","3,27",7,"0,84","1,04",644,"77,59","95,69",1,M,MACRON,Emmanuel,541,"65,18","84,01",2,F,LE PEN,Marine,103,"12,41","15,99"
69,Rhône,04,4ème circonscription,123,Lyon,0627,1181,229,"19,39",952,"80,61",41,"3,47","4,31",13,"1,1","1,37",898,"76,04","94,33",1,M,MACRON,Emmanuel,685,58,"76,28",2,F,LE PEN,Marine,213,"18,04","23,72"
69,Rhône,04,4ème circonscription,123,Lyon,0628,831,170,"20,46",661,"79,54",28,"3,37","4,24",7,"0,84","1,06",626,"75,33","94,7",1,M,MACRON,Emmanuel,499,"60,05","79,71",2,F,LE PEN,Marine,127,"15,28","20,29"
69,Rhône,04,4ème circonscription,123,Lyon,0629,854,144,"16,86",710,"83,14",27,"3,16","3,8",7,"0,82","0,99",676,"79,16","95,21",1,M,MACRON,Emmanuel,545,"63,82","80,62",2,F,LE PEN,Marine,131,"15,34","19,38"
69,Rhône,04,4ème circonscription,123,Lyon,0630,1055,180,"17,06",875,"82,94",38,"3,6","4,34",10,"0,95","1,14",827,"78,39","94,51",1,M,MACRON,Emmanuel,618,"58,58","74,73",2,F,LE PEN,Marine,209,"19,81","25,27"
69,Rhône,04,4ème circonscription,123,Lyon,0631,1102,213,"19,33",889,"80,67",47,"4,26","5,29",13,"1,18","1,46",829,"75,23","93,25",1,M,MACRON,Emmanuel,671,"60,89","80,94",2,F,LE PEN,Marine,158,"14,34","19,06"
69,Rhône,04,4ème circonscription,123,Lyon,0632,991,196,"19,78",795,"80,22",38,"3,83","4,78",7,"0,71","0,88",750,"75,68","94,34",1,M,MACRON,Emmanuel,586,"59,13","78,13",2,F,LE PEN,Marine,164,"16,55","21,87"
69,Rhône,04,4ème circonscription,123,Lyon,0633,946,178,"18,82",768,"81,18",41,"4,33","5,34",10,"1,06","1,3",717,"75,79","93,36",1,M,MACRON,Emmanuel,569,"60,15","79,36",2,F,LE PEN,Marine,148,"15,64","20,64"
69,Rhône,04,4ème circonscription,123,Lyon,0634,1129,240,"21,26",889,"78,74",50,"4,43","5,62",7,"0,62","0,79",832,"73,69","93,59",1,M,MACRON,Emmanuel,674,"59,7","81,01",2,F,LE PEN,Marine,158,"13,99","18,99"
69,Rhône,04,4ème circonscription,123,Lyon,0811,1061,188,"17,72",873,"82,28",43,"4,05","4,93",10,"0,94","1,15",820,"77,29","93,93",1,M,MACRON,Emmanuel,667,"62,87","81,34",2,F,LE PEN,Marine,153,"14,42","18,66"
69,Rhône,04,4ème circonscription,123,Lyon,0812,1048,207,"19,75",841,"80,25",51,"4,87","6,06",15,"1,43","1,78",775,"73,95","92,15",1,M,MACRON,Emmanuel,641,"61,16","82,71",2,F,LE PEN,Marine,134,"12,79","17,29"
69,Rhône,04,4ème circonscription,123,Lyon,0813,1074,246,"22,91",828,"77,09",46,"4,28","5,56",15,"1,4","1,81",767,"71,42","92,63",1,M,MACRON,Emmanuel,611,"56,89","79,66",2,F,LE PEN,Marine,156,"14,53","20,34"
69,Rhône,04,4ème circonscription,123,Lyon,0814,1228,282,"22,96",946,"77,04",49,"3,99","5,18",13,"1,06","1,37",884,"71,99","93,45",1,M,MACRON,Emmanuel,651,"53,01","73,64",2,F,LE PEN,Marine,233,"18,97","26,36"
69,Rhône,04,4ème circonscription,123,Lyon,0815,1109,347,"31,29",762,"68,71",52,"4,69","6,82",16,"1,44","2,1",694,"62,58","91,08",1,M,MACRON,Emmanuel,526,"47,43","75,79",2,F,LE PEN,Marine,168,"15,15","24,21"
69,Rhône,04,4ème circonscription,123,Lyon,0816,899,305,"33,93",594,"66,07",29,"3,23","4,88",10,"1,11","1,68",555,"61,74","93,43",1,M,MACRON,Emmanuel,396,"44,05","71,35",2,F,LE PEN,Marine,159,"17,69","28,65"
69,Rhône,04,4ème circonscription,123,Lyon,0817,865,275,"31,79",590,"68,21",30,"3,47","5,08",10,"1,16","1,69",550,"63,58","93,22",1,M,MACRON,Emmanuel,406,"46,94","73,82",2,F,LE PEN,Marine,144,"16,65","26,18"
69,Rhône,04,4ème circonscription,123,Lyon,0818,920,238,"25,87",682,"74,13",43,"4,67","6,3",3,"0,33","0,44",636,"69,13","93,26",1,M,MACRON,Emmanuel,487,"52,93","76,57",2,F,LE PEN,Marine,149,"16,2","23,43"
69,Rhône,04,4ème circonscription,123,Lyon,0819,1166,347,"29,76",819,"70,24",47,"4,03","5,74",14,"1,2","1,71",758,"65,01","92,55",1,M,MACRON,Emmanuel,571,"48,97","75,33",2,F,LE PEN,Marine,187,"16,04","24,67"
